[
  {
    "__type__": "cc.SpriteFrame",
    "content": {
      "name": "default_scrollbar_vertical",
      "texture": "d6d3ca85-4681-47c1-b5dd-d036a9d39ea2",
      "rect": [
        2,
        0,
        11,
        30
      ],
      "offset": [
        0,
        0
      ],
      "originalSize": [
        15,
        30
      ],
      "capInsets": [
        0,
        5,
        0,
        5
      ]
    }
  },
  {
    "__type__": "cc.SpriteFrame",
    "content": {
      "name": "default_scrollbar_vertical_bg",
      "texture": "617323dd-11f4-4dd3-8eec-0caf6b3b45b9",
      "rect": [
        0,
        0,
        15,
        30
      ],
      "offset": [
        0,
        0
      ],
      "originalSize": [
        15,
        30
      ],
      "capInsets": [
        0,
        7,
        0,
        8
      ]
    }
  },
  {
    "__type__": "cc.SpriteFrame",
    "content": {
      "name": "default_sprite_splash",
      "texture": "0275e94c-56a7-410f-bd1a-fc7483f7d14a",
      "rect": [
        0,
        0,
        2,
        2
      ],
      "offset": [
        0,
        0
      ],
      "originalSize": [
        2,
        2
      ]
    }
  },
  [
    {
      "__type__": "cc.Prefab",
      "_name": "pageLog",
      "data": {
        "__id__": 1
      }
    },
    {
      "__type__": "cc.Node",
      "_name": "pageLog",
      "_children": [
        {
          "__id__": 2
        },
        {
          "__id__": 3
        },
        {
          "__id__": 14
        }
      ],
      "_position": {
        "__type__": "cc.Vec2",
        "x": 566,
        "y": 320
      },
      "_components": [
        {
          "__type__": "cc.Widget",
          "node": {
            "__id__": 1
          },
          "isAlignOnce": false,
          "_alignFlags": 17,
          "_top": 320
        }
      ],
      "_prefab": {
        "__type__": "cc.PrefabInfo",
        "root": {
          "__id__": 1
        },
        "fileId": "520aa9EAyhK87K4bF4bKhez"
      }
    },
    {
      "__type__": "cc.Node",
      "_name": "bg",
      "_opacity": 200,
      "_color": {
        "__type__": "cc.Color",
        "r": 72,
        "g": 158,
        "b": 252
      },
      "_parent": {
        "__id__": 1
      },
      "_contentSize": {
        "__type__": "cc.Size",
        "width": 1058,
        "height": 377
      },
      "_position": {
        "__type__": "cc.Vec2",
        "y": 116
      },
      "_active": false,
      "_components": [
        {
          "__type__": "cc.Sprite",
          "node": {
            "__id__": 2
          },
          "_spriteFrame": {
            "__uuid__": "a23235d1-15db-4b95-8439-a2e005bfff91"
          },
          "_sizeMode": 0
        }
      ],
      "_prefab": {
        "__type__": "cc.PrefabInfo",
        "root": {
          "__id__": 1
        },
        "fileId": "d9064AolqtGjoJAsknS/goY"
      }
    },
    {
      "__type__": "cc.Node",
      "_name": "log",
      "_color": {
        "__type__": "cc.Color",
        "r": 184,
        "g": 184,
        "b": 184
      },
      "_parent": {
        "__id__": 1
      },
      "_contentSize": {
        "__type__": "cc.Size",
        "width": 1058,
        "height": 377
      },
      "_children": [
        {
          "__id__": 4
        },
        {
          "__id__": 10
        },
        {
          "__id__": 12
        }
      ],
      "_position": {
        "__type__": "cc.Vec2",
        "y": 116
      },
      "_active": false,
      "_components": [
        {
          "__id__": 8
        }
      ],
      "_prefab": {
        "__type__": "cc.PrefabInfo",
        "root": {
          "__id__": 1
        },
        "fileId": "d3990u6YidO3JIR/nhQerAd"
      }
    },
    {
      "__type__": "cc.Node",
      "_name": "scrollBar",
      "_color": {
        "__type__": "cc.Color",
        "r": 238,
        "g": 217,
        "b": 227
      },
      "_parent": {
        "__id__": 3
      },
      "_anchorPoint": {
        "__type__": "cc.Vec2",
        "x": 1,
        "y": 0.5
      },
      "_contentSize": {
        "__type__": "cc.Size",
        "width": 12,
        "height": 377
      },
      "_children": [
        {
          "__id__": 5
        }
      ],
      "_position": {
        "__type__": "cc.Vec2",
        "x": 529
      },
      "_components": [
        {
          "__id__": 7
        },
        {
          "__type__": "cc.Widget",
          "node": {
            "__id__": 4
          },
          "_alignFlags": 37,
          "_left": 350.07654921020657,
          "_originalHeight": 237
        },
        {
          "__type__": "cc.Sprite",
          "node": {
            "__id__": 4
          },
          "_spriteFrame": {
            "__uuid__": "5fe5dcaa-b513-4dc5-a166-573627b3a159"
          },
          "_type": 1,
          "_sizeMode": 0
        }
      ],
      "_prefab": {
        "__type__": "cc.PrefabInfo",
        "root": {
          "__id__": 1
        },
        "fileId": "b39d49o+ApHJ6VuiD93AOsP"
      }
    },
    {
      "__type__": "cc.Node",
      "_name": "bar",
      "_color": {
        "__type__": "cc.Color",
        "r": 236,
        "g": 241,
        "b": 245
      },
      "_parent": {
        "__id__": 4
      },
      "_anchorPoint": {
        "__type__": "cc.Vec2",
        "x": 1
      },
      "_contentSize": {
        "__type__": "cc.Size",
        "width": 10,
        "height": 30
      },
      "_position": {
        "__type__": "cc.Vec2",
        "x": -1
      },
      "_components": [
        {
          "__id__": 6
        }
      ],
      "_prefab": {
        "__type__": "cc.PrefabInfo",
        "root": {
          "__id__": 1
        },
        "fileId": "e0d50NYlKdA1KGPwHDWU3Hs"
      }
    },
    {
      "__type__": "cc.Sprite",
      "node": {
        "__id__": 5
      },
      "_spriteFrame": {
        "__uuid__": "5c3bb932-6c3c-468f-88a9-c8c61d458641"
      },
      "_type": 1,
      "_sizeMode": 0
    },
    {
      "__type__": "cc.Scrollbar",
      "node": {
        "__id__": 4
      },
      "_scrollView": {
        "__id__": 8
      },
      "_N$handle": {
        "__id__": 6
      },
      "_N$direction": 1
    },
    {
      "__type__": "cc.ScrollView",
      "node": {
        "__id__": 3
      },
      "content": {
        "__id__": 9
      },
      "horizontal": false,
      "brake": 0.75,
      "bounceDuration": 0.23,
      "_N$horizontalScrollBar": null,
      "_N$verticalScrollBar": {
        "__id__": 7
      }
    },
    {
      "__type__": "cc.Node",
      "_name": "content",
      "_parent": {
        "__id__": 10
      },
      "_anchorPoint": {
        "__type__": "cc.Vec2",
        "x": 0.5,
        "y": 1
      },
      "_contentSize": {
        "__type__": "cc.Size",
        "width": 1058,
        "height": 30
      },
      "_children": [
        {
          "__id__": 11
        }
      ],
      "_position": {
        "__type__": "cc.Vec2",
        "y": 183
      },
      "_components": [
        {
          "__type__": "cc.Layout",
          "node": {
            "__id__": 9
          },
          "_layoutSize": {
            "__type__": "cc.Size",
            "width": 1058,
            "height": 30
          },
          "_resize": 1,
          "_N$layoutType": 2,
          "_N$spacingY": 10
        }
      ],
      "_prefab": {
        "__type__": "cc.PrefabInfo",
        "root": {
          "__id__": 1
        },
        "fileId": "f379cSe3/5NnogtBUgASuwA"
      }
    },
    {
      "__type__": "cc.Node",
      "_name": "view",
      "_parent": {
        "__id__": 3
      },
      "_contentSize": {
        "__type__": "cc.Size",
        "width": 1058,
        "height": 377
      },
      "_children": [
        {
          "__id__": 9
        }
      ],
      "_components": [
        {
          "__type__": "cc.Mask",
          "node": {
            "__id__": 10
          }
        }
      ],
      "_prefab": {
        "__type__": "cc.PrefabInfo",
        "root": {
          "__id__": 1
        },
        "fileId": "be662QAbQ5PfLIxJUPklxkS"
      }
    },
    {
      "__type__": "cc.Node",
      "_name": "logbar",
      "_parent": {
        "__id__": 9
      },
      "_contentSize": {
        "__type__": "cc.Size",
        "width": 1030,
        "height": 30
      },
      "_scaleX": 1.01,
      "_scaleY": 1.01,
      "_position": {
        "__type__": "cc.Vec2",
        "x": -1,
        "y": -15
      },
      "_components": [
        {
          "__type__": "cc.Label",
          "node": {
            "__id__": 11
          },
          "_useOriginalSize": false,
          "_actualFontSize": 25,
          "_fontSize": 25,
          "_lineHeight": 30,
          "_N$string": "--页面输出--",
          "_N$horizontalAlign": 1,
          "_N$verticalAlign": 1,
          "_N$overflow": 3
        }
      ],
      "_prefab": {
        "__type__": "cc.PrefabInfo",
        "root": {
          "__id__": 1
        },
        "fileId": "d1abdtu99pI8pZ2cfiCxe0D"
      }
    },
    {
      "__type__": "cc.Node",
      "_name": "clearBtn",
      "_opacity": 173,
      "_color": {
        "__type__": "cc.Color",
        "r": 37,
        "g": 214,
        "b": 21
      },
      "_parent": {
        "__id__": 3
      },
      "_contentSize": {
        "__type__": "cc.Size",
        "width": 65.5,
        "height": 47.9
      },
      "_children": [
        {
          "__id__": 13
        }
      ],
      "_position": {
        "__type__": "cc.Vec2",
        "x": 495.7,
        "y": 163
      },
      "_components": [
        {
          "__type__": "cc.Sprite",
          "node": {
            "__id__": 12
          },
          "_spriteFrame": {
            "__uuid__": "a23235d1-15db-4b95-8439-a2e005bfff91"
          },
          "_sizeMode": 0
        },
        {
          "__type__": "cc.Button",
          "node": {
            "__id__": 12
          },
          "transition": 3,
          "_N$target": {
            "__id__": 12
          }
        }
      ],
      "_prefab": {
        "__type__": "cc.PrefabInfo",
        "root": {
          "__id__": 1
        },
        "fileId": "fadadI2DF1BKZvIQ2IT53ki"
      }
    },
    {
      "__type__": "cc.Node",
      "_name": "btnName",
      "_color": {
        "__type__": "cc.Color",
        "r": 27,
        "g": 27,
        "b": 27
      },
      "_parent": {
        "__id__": 12
      },
      "_contentSize": {
        "__type__": "cc.Size",
        "width": 65.02,
        "height": 30
      },
      "_components": [
        {
          "__type__": "cc.Label",
          "node": {
            "__id__": 13
          },
          "_useOriginalSize": false,
          "_actualFontSize": 30,
          "_fontSize": 30,
          "_lineHeight": 30,
          "_N$string": "clear",
          "_N$horizontalAlign": 1,
          "_N$verticalAlign": 1
        }
      ],
      "_prefab": {
        "__type__": "cc.PrefabInfo",
        "root": {
          "__id__": 1
        },
        "fileId": "e73c3O4JqRM+7JWqJ2vZiNF"
      }
    },
    {
      "__type__": "cc.Node",
      "_name": "logBtn",
      "_opacity": 173,
      "_color": {
        "__type__": "cc.Color",
        "r": 37,
        "g": 214,
        "b": 21
      },
      "_parent": {
        "__id__": 1
      },
      "_contentSize": {
        "__type__": "cc.Size",
        "width": 118.9,
        "height": 47.9
      },
      "_children": [
        {
          "__id__": 15
        }
      ],
      "_position": {
        "__type__": "cc.Vec2",
        "x": -493,
        "y": 281
      },
      "_components": [
        {
          "__type__": "cc.Sprite",
          "node": {
            "__id__": 14
          },
          "_spriteFrame": {
            "__uuid__": "a23235d1-15db-4b95-8439-a2e005bfff91"
          },
          "_sizeMode": 0
        },
        {
          "__type__": "cc.Button",
          "node": {
            "__id__": 14
          },
          "transition": 3,
          "_N$target": {
            "__id__": 14
          }
        }
      ],
      "_prefab": {
        "__type__": "cc.PrefabInfo",
        "root": {
          "__id__": 1
        },
        "fileId": "14229XVoXxEwo/po+QNiUEr"
      }
    },
    {
      "__type__": "cc.Node",
      "_name": "btnName",
      "_color": {
        "__type__": "cc.Color",
        "r": 27,
        "g": 27,
        "b": 27
      },
      "_parent": {
        "__id__": 14
      },
      "_contentSize": {
        "__type__": "cc.Size",
        "width": 76.67,
        "height": 30
      },
      "_components": [
        {
          "__type__": "cc.Label",
          "node": {
            "__id__": 15
          },
          "_useOriginalSize": false,
          "_actualFontSize": 30,
          "_fontSize": 30,
          "_lineHeight": 30,
          "_N$string": "调  试",
          "_N$horizontalAlign": 1,
          "_N$verticalAlign": 1
        }
      ],
      "_prefab": {
        "__type__": "cc.PrefabInfo",
        "root": {
          "__id__": 1
        },
        "fileId": "88698b37C5DObwUpvBV48N7"
      }
    }
  ]
]