[
  {
    "__type__": "cc.Prefab",
    "_name": "helpItem",
    "data": {
      "__id__": 1
    }
  },
  {
    "__type__": "cc.Node",
    "_name": "helpItem",
    "_color": {
      "__type__": "cc.Color"
    },
    "_contentSize": {
      "__type__": "cc.Size",
      "width": 825,
      "height": 40
    },
    "_position": {
      "__type__": "cc.Vec2",
      "y": -25
    },
    "_components": [
      {
        "__type__": "cc.Label",
        "node": {
          "__id__": 1
        },
        "_useOriginalSize": false,
        "_actualFontSize": 30,
        "_fontSize": 30,
        "_N$string": "",
        "_N$overflow": 3
      }
    ],
    "_prefab": {
      "__type__": "cc.PrefabInfo",
      "root": {
        "__id__": 1
      },
      "fileId": "1c7b0gB3Z5OhYsJ3crGZ5BV"
    }
  }
]